unit,hour,oil_temp,coolant_temp,boost_psi,exhaust_temp,oil_pressure
1,1,88.1,81.4,18.2,412,58.4
1,2,87.8,81.6,18.1,410,58.2
1,3,88.4,81.2,18.3,414,58.6
1,4,88.0,81.5,18.0,411,58.1
1,5,87.9,81.3,18.2,409,58.5
1,6,88.3,81.7,18.1,413,58.3
1,7,88.2,81.4,18.4,412,58.0
1,8,87.7,81.1,18.0,410,58.7
1,9,88.5,81.6,18.2,415,58.2
1,10,88.1,81.3,18.3,411,58.4
1,11,87.8,81.5,18.1,409,58.6
1,12,88.4,81.2,18.2,414,58.1
1,13,88.0,81.4,18.0,412,58.3
1,14,88.2,81.6,18.3,410,58.5
1,15,87.9,81.3,18.1,413,58.2
1,16,88.3,81.5,18.2,411,58.4
1,17,88.1,81.4,18.4,412,58.0
1,18,88.0,81.2,18.0,410,58.6
1,19,88.2,81.5,18.2,414,58.3
1,20,88.1,81.3,18.1,411,58.4
1,21,89.4,81.8,18.0,422,57.6
1,22,90.2,82.1,17.8,428,57.1
1,23,91.1,82.4,17.6,436,56.4
1,24,92.0,82.8,17.4,444,55.8
1,25,93.2,83.1,17.2,453,55.1
1,26,94.4,83.5,17.0,462,54.3
1,27,95.6,83.9,16.8,471,53.6
1,28,96.8,84.2,16.6,480,52.8
1,29,98.1,84.6,16.4,490,52.0
1,30,99.4,85.0,16.2,499,51.2
1,31,100.8,85.4,16.0,509,50.4
1,32,102.1,85.8,15.8,518,49.6
1,33,103.5,86.2,15.6,528,48.8
1,34,104.9,86.6,15.4,538,48.0
1,35,106.4,87.0,15.2,548,47.2
1,36,107.8,87.4,15.0,557,46.4
1,37,109.3,87.8,14.8,567,45.6
1,38,110.8,88.2,14.6,577,44.8
1,39,112.3,88.6,14.4,587,44.0
1,40,113.8,89.0,14.2,597,43.2
1,41,115.4,89.4,14.0,607,42.4
1,42,116.9,89.8,13.8,617,41.6
1,43,118.5,90.2,13.6,627,40.8
1,44,120.1,90.6,13.4,637,40.0
1,45,121.7,91.0,13.2,647,39.2
2,1,87.6,80.9,18.4,408,58.8
2,2,88.0,81.2,18.2,411,58.3
2,3,87.9,81.0,18.3,409,58.5
2,4,88.3,81.4,18.1,413,58.1
2,5,88.1,81.1,18.2,410,58.6
2,6,87.8,81.3,18.0,412,58.2
2,7,88.4,81.5,18.3,414,58.4
2,8,88.0,81.2,18.1,411,58.0
2,9,87.7,81.0,18.4,409,58.7
2,10,88.2,81.4,18.2,413,58.3
2,11,88.1,81.1,18.0,410,58.5
2,12,87.9,81.3,18.3,412,58.1
2,13,88.3,81.5,18.1,414,58.4
2,14,88.0,81.2,18.2,411,58.2
2,15,87.8,81.0,18.4,409,58.6
2,16,88.2,81.4,18.0,413,58.3
2,17,88.1,81.1,18.3,410,58.0
2,18,87.9,81.3,18.2,412,58.5
2,19,88.4,81.5,18.1,414,58.2
2,20,88.0,81.2,18.2,411,58.4
2,21,89.2,81.7,18.0,420,57.8
2,22,90.0,82.0,17.9,426,57.3
2,23,90.9,82.3,17.7,434,56.7
2,24,91.8,82.6,17.5,442,56.0
2,25,92.8,83.0,17.3,451,55.3
2,26,93.9,83.3,17.1,460,54.6
2,27,95.0,83.7,16.9,469,53.8
2,28,96.2,84.0,16.7,478,53.1
2,29,97.4,84.4,16.5,488,52.3
2,30,98.7,84.8,16.3,497,51.5
2,31,100.0,85.2,16.1,507,50.7
2,32,101.3,85.6,15.9,516,49.9
2,33,102.7,86.0,15.7,526,49.1
2,34,104.1,86.4,15.5,536,48.3
2,35,105.5,86.8,15.3,546,47.5
2,36,107.0,87.2,15.1,556,46.7
2,37,108.5,87.6,14.9,566,45.9
2,38,110.0,88.0,14.7,576,45.1
2,39,111.5,88.4,14.5,586,44.3
2,40,113.1,88.8,14.3,596,43.5
2,41,114.6,89.2,14.1,606,42.7
2,42,116.2,89.6,13.9,616,41.9
2,43,117.8,90.0,13.7,626,41.1
2,44,119.4,90.4,13.5,636,40.3
2,45,121.0,90.8,13.3,646,39.5
